Wavelength,Flux
3511.4,1.95E-12
3512.8,1.96E-12
3514.2,1.95E-12
3515.6,1.92E-12
3517,1.92E-12
3518.4,1.98E-12
3519.8,2.01E-12
3521.2,2.00E-12
3522.6,1.94E-12
3524,1.88E-12
3525.4,1.84E-12
3526.8,1.85E-12
3528.2,1.90E-12
3529.6,1.90E-12
3531,1.88E-12
3532.4,1.86E-12
3533.8,1.88E-12
3535.2,1.85E-12
3536.6,1.83E-12
3538,1.85E-12
3539.4,1.92E-12
3540.8,1.99E-12
3542.2,2.02E-12
3543.6,2.03E-12
3545,2.07E-12
3546.4,2.03E-12
3547.8,2.00E-12
3549.2,1.99E-12
3550.6,2.01E-12
3552,2.01E-12
3553.4,1.98E-12
3554.8,1.92E-12
3556.2,1.88E-12
3557.6,1.88E-12
3559,1.89E-12
3560.4,1.89E-12
3561.8,1.89E-12
3563.2,1.94E-12
3564.6,1.89E-12
3566,1.78E-12
3567.4,1.69E-12
3568.8,1.66E-12
3570.2,1.67E-12
3571.6,1.68E-12
3573,1.69E-12
3574.4,1.71E-12
3575.8,1.72E-12
3577.2,1.71E-12
3578.6,1.70E-12
3580,1.73E-12
3581.4,1.71E-12
3582.8,1.67E-12
3584.2,1.64E-12
3585.6,1.60E-12
3587,1.54E-12
3588.4,1.50E-12
3589.8,1.53E-12
3591.2,1.62E-12
3592.6,1.70E-12
3594,1.77E-12
3595.4,1.82E-12
3596.8,1.83E-12
3598.2,1.84E-12
3599.6,1.85E-12
3601,1.85E-12
3602.4,1.85E-12
3603.8,1.84E-12
3605.2,1.82E-12
3606.6,1.80E-12
3608,1.79E-12
3609.4,1.82E-12
3610.8,1.83E-12
3612.2,1.79E-12
3613.6,1.75E-12
3615,1.72E-12
3616.4,1.72E-12
3617.8,1.73E-12
3619.2,1.71E-12
3620.6,1.70E-12
3622,1.71E-12
3623.4,1.72E-12
3624.8,1.76E-12
3626.2,1.79E-12
3627.6,1.84E-12
3629,1.93E-12
3630.4,1.96E-12
3631.8,1.88E-12
3633.2,1.75E-12
3634.6,1.70E-12
3636,1.73E-12
3637.4,1.77E-12
3638.8,1.80E-12
3640.2,1.83E-12
3641.6,1.86E-12
3643,1.82E-12
3644.4,1.83E-12
3645.8,1.81E-12
3647.2,1.79E-12
3648.6,1.75E-12
3650,1.72E-12
3651.4,1.72E-12
3652.8,1.79E-12
3654.2,1.84E-12
3655.6,1.87E-12
3657,1.90E-12
3658.4,1.93E-12
3659.8,1.97E-12
3661.2,1.96E-12
3662.6,1.88E-12
3664,1.89E-12
3665.4,1.88E-12
3666.8,1.86E-12
3668.2,1.89E-12
3669.6,1.89E-12
3671,1.87E-12
3672.4,1.85E-12
3673.8,1.93E-12
3675.2,1.92E-12
3676.6,1.90E-12
3678,1.89E-12
3679.4,1.89E-12
3680.8,1.89E-12
3682.2,1.88E-12
3683.6,1.86E-12
3685,1.86E-12
3686.4,1.85E-12
3687.8,1.80E-12
3689.2,1.78E-12
3690.6,1.82E-12
3692,1.90E-12
3693.4,1.98E-12
3694.8,2.00E-12
3696.2,2.00E-12
3697.6,2.02E-12
3699,2.03E-12
3700.4,2.07E-12
3701.8,2.11E-12
3703.2,2.10E-12
3704.6,1.99E-12
3706,1.84E-12
3707.4,1.74E-12
3708.8,1.75E-12
3710.2,1.80E-12
3711.6,1.81E-12
3713,1.79E-12
3714.4,1.83E-12
3715.8,1.97E-12
3717.2,2.14E-12
3718.6,2.24E-12
3720,2.17E-12
3721.4,1.95E-12
3722.8,1.76E-12
3724.2,1.76E-12
3725.6,1.90E-12
3727,2.05E-12
3728.4,2.13E-12
3729.8,2.18E-12
3731.2,2.22E-12
3732.6,2.11E-12
3734,1.91E-12
3735.4,1.74E-12
3736.8,1.68E-12
3738.2,1.75E-12
3739.6,1.93E-12
3741,2.12E-12
3742.4,2.26E-12
3743.8,2.31E-12
3745.2,2.27E-12
3746.6,2.14E-12
3748,1.97E-12
3749.4,1.78E-12
3750.8,1.56E-12
3752.2,1.51E-12
3753.6,1.72E-12
3755,2.01E-12
3756.4,2.20E-12
3757.8,2.27E-12
3759.2,2.24E-12
3760.6,2.20E-12
3762,2.22E-12
3763.4,2.28E-12
3764.8,2.35E-12
3766.2,2.35E-12
3767.6,2.24E-12
3769,2.04E-12
3770.4,1.83E-12
3771.8,1.69E-12
3773.2,1.76E-12
3774.6,1.93E-12
3776,2.13E-12
3777.4,2.36E-12
3778.8,2.58E-12
3780.2,2.74E-12
3781.6,2.89E-12
3783,2.98E-12
3784.4,2.95E-12
3785.8,2.84E-12
3787.2,2.71E-12
3788.6,2.68E-12
3790,2.60E-12
3791.4,2.51E-12
3792.8,2.41E-12
3794.2,2.24E-12
3795.6,2.04E-12
3797,1.84E-12
3798.4,1.70E-12
3799.8,1.79E-12
3801.2,2.03E-12
3802.6,2.29E-12
3804,2.52E-12
3805.4,2.68E-12
3806.8,2.75E-12
3808.2,2.81E-12
3809.6,2.94E-12
3811,3.03E-12
3812.4,3.02E-12
3813.8,2.96E-12
3815.2,2.94E-12
3816.6,2.93E-12
3818,2.97E-12
3819.4,2.96E-12
3820.8,2.93E-12
3822.2,2.92E-12
3823.6,2.85E-12
3825,2.70E-12
3826.4,2.57E-12
3827.8,2.47E-12
3829.2,2.35E-12
3830.6,2.22E-12
3832,2.06E-12
3833.4,1.84E-12
3834.8,1.65E-12
3836.2,1.58E-12
3837.6,1.67E-12
3839,1.87E-12
3840.4,2.09E-12
3841.8,2.33E-12
3843.2,2.56E-12
3844.6,2.69E-12
3846,2.78E-12
3847.4,2.89E-12
3848.8,2.97E-12
3850.2,3.01E-12
3851.6,3.10E-12
3853,3.18E-12
3854.4,3.18E-12
3855.8,3.15E-12
3857.2,3.13E-12
3858.6,3.12E-12
3860,3.08E-12
3861.4,3.11E-12
3862.8,3.19E-12
3864.2,3.25E-12
3865.6,3.26E-12
3867,3.27E-12
3868.4,3.25E-12
3869.8,3.20E-12
3871.2,3.12E-12
3872.6,3.03E-12
3874,2.99E-12
3875.4,2.98E-12
3876.8,2.94E-12
3878.2,2.85E-12
3879.6,2.77E-12
3881,2.72E-12
3882.4,2.63E-12
3883.8,2.44E-12
3885.2,2.20E-12
3886.6,1.94E-12
3888,1.74E-12
3889.4,1.66E-12
3890.8,1.72E-12
3892.2,1.89E-12
3893.6,2.11E-12
3895,2.32E-12
3896.4,2.51E-12
3897.8,2.60E-12
3899.2,2.66E-12
3900.6,2.72E-12
3902,2.77E-12
3903.4,2.78E-12
3904.8,2.78E-12
3906.2,2.81E-12
3907.6,2.90E-12
3909,3.03E-12
3910.4,3.13E-12
3911.8,3.16E-12
3913.2,3.17E-12
3914.6,3.15E-12
3916,3.13E-12
3917.4,3.10E-12
3918.8,3.05E-12
3920.2,3.04E-12
3921.6,3.05E-12
3923,3.11E-12
3924.4,3.07E-12
3925.8,2.93E-12
3927.2,2.75E-12
3928.6,2.51E-12
3930,2.22E-12
3931.4,1.85E-12
3932.8,1.51E-12
3934.2,1.36E-12
3935.6,1.46E-12
3937,1.75E-12
3938.4,2.11E-12
3939.8,2.45E-12
3941.2,2.67E-12
3942.6,2.78E-12
3944,2.83E-12
3945.4,2.87E-12
3946.8,2.89E-12
3948.2,2.87E-12
3949.6,2.85E-12
3951,2.85E-12
3952.4,2.85E-12
3953.8,2.86E-12
3955.2,2.87E-12
3956.6,2.82E-12
3958,2.76E-12
3959.4,2.70E-12
3960.8,2.58E-12
3962.2,2.42E-12
3963.6,2.23E-12
3965,2.00E-12
3966.4,1.72E-12
3967.8,1.44E-12
3969.2,1.26E-12
3970.6,1.25E-12
3972,1.42E-12
3973.4,1.68E-12
3974.8,1.94E-12
3976.2,2.19E-12
3977.6,2.39E-12
3979,2.53E-12
3980.4,2.64E-12
3981.8,2.71E-12
3983.2,2.77E-12
3984.6,2.82E-12
3986,2.86E-12
3987.4,2.89E-12
3988.8,2.94E-12
3990.2,3.01E-12
3991.6,3.10E-12
3993,3.17E-12
3994.4,3.19E-12
3995.8,3.17E-12
3997.2,3.14E-12
3998.6,3.12E-12
4000,3.16E-12
4001.4,3.21E-12
4002.8,3.25E-12
4004.2,3.24E-12
4005.6,3.17E-12
4007,3.17E-12
4008.4,3.20E-12
4009.8,3.27E-12
4011.2,3.32E-12
4012.6,3.33E-12
4014,3.32E-12
4015.4,3.29E-12
4016.8,3.27E-12
4018.2,3.30E-12
4019.6,3.34E-12
4021,3.38E-12
4022.4,3.39E-12
4023.8,3.34E-12
4025.2,3.33E-12
4026.6,3.35E-12
4028,3.37E-12
4029.4,3.33E-12
4030.8,3.19E-12
4032.2,3.11E-12
4033.6,3.09E-12
4035,3.12E-12
4036.4,3.23E-12
4037.8,3.32E-12
4039.2,3.34E-12
4040.6,3.32E-12
4042,3.29E-12
4043.4,3.27E-12
4044.8,3.18E-12
4046.2,3.13E-12
4047.6,3.17E-12
4049,3.29E-12
4050.4,3.34E-12
4051.8,3.32E-12
4053.2,3.27E-12
4054.6,3.24E-12
4056,3.21E-12
4057.4,3.16E-12
4058.8,3.14E-12
4060.2,3.16E-12
4061.6,3.21E-12
4063,3.20E-12
4064.4,3.16E-12
4065.8,3.15E-12
4067.2,3.14E-12
4068.6,3.14E-12
4070,3.14E-12
4071.4,3.12E-12
4072.8,3.10E-12
4074.2,3.09E-12
4075.6,3.06E-12
4077,3.00E-12
4078.4,2.91E-12
4079.8,2.89E-12
4081.2,2.95E-12
4082.6,2.99E-12
4084,2.98E-12
4085.4,2.96E-12
4086.8,2.95E-12
4088.2,2.93E-12
4089.6,2.90E-12
4091,2.86E-12
4092.4,2.79E-12
4093.8,2.68E-12
4095.2,2.57E-12
4096.6,2.44E-12
4098,2.27E-12
4099.4,2.06E-12
4100.8,1.84E-12
4102.2,1.68E-12
4103.6,1.65E-12
4105,1.81E-12
4106.4,2.07E-12
4107.8,2.26E-12
4109.2,2.40E-12
4110.6,2.51E-12
4112,2.59E-12
4113.4,2.67E-12
4114.8,2.75E-12
4116.2,2.83E-12
4117.6,2.91E-12
4119,2.92E-12
4120.4,2.94E-12
4121.8,2.95E-12
4123.2,2.96E-12
4124.6,2.95E-12
4126,2.96E-12
4127.4,2.95E-12
4128.8,2.93E-12
4130.2,2.93E-12
4131.6,2.93E-12
4133,2.94E-12
4134.4,2.97E-12
4135.8,3.04E-12
4137.2,3.11E-12
4138.6,3.17E-12
4140,3.23E-12
4141.4,3.25E-12
4142.8,3.18E-12
4144.2,3.11E-12
4145.6,3.10E-12
4147,3.14E-12
4148.4,3.19E-12
4149.8,3.21E-12
4151.2,3.20E-12
4152.6,3.17E-12
4154,3.13E-12
4155.4,3.07E-12
4156.8,3.02E-12
4158.2,2.99E-12
4159.6,3.02E-12
4161,3.09E-12
4162.4,3.15E-12
4163.8,3.20E-12
4165.2,3.22E-12
4166.6,3.20E-12
4168,3.12E-12
4169.4,3.07E-12
4170.8,3.06E-12
4172.2,2.99E-12
4173.6,2.89E-12
4175,2.86E-12
4176.4,2.89E-12
4177.8,2.92E-12
4179.2,2.94E-12
4180.6,2.98E-12
4182,3.02E-12
4183.4,2.99E-12
4184.8,2.97E-12
4186.2,3.00E-12
4187.6,3.02E-12
4189,3.02E-12
4190.4,3.03E-12
4191.8,3.07E-12
4193.2,3.10E-12
4194.6,3.11E-12
4196,3.08E-12
4197.4,3.02E-12
4198.8,2.94E-12
4200.2,2.92E-12
4201.6,2.96E-12
4203,3.01E-12
4204.4,3.04E-12
4205.8,3.07E-12
4207.2,3.10E-12
4208.6,3.12E-12
4210,3.11E-12
4211.4,3.15E-12
4212.8,3.15E-12
4214.2,3.09E-12
4215.6,3.01E-12
4217,3.00E-12
4218.4,3.03E-12
4219.8,3.08E-12
4221.2,3.10E-12
4222.6,3.08E-12
4224,3.02E-12
4225.4,2.92E-12
4226.8,2.80E-12
4228.2,2.78E-12
4229.6,2.89E-12
4231,3.02E-12
4232.4,3.10E-12
4233.8,3.01E-12
4235.2,2.98E-12
4236.6,2.97E-12
4238,2.96E-12
4239.4,2.97E-12
4240.8,2.97E-12
4242.2,3.00E-12
4243.6,3.02E-12
4245,3.01E-12
4246.4,3.01E-12
4247.8,2.97E-12
4249.2,2.96E-12
4250.6,2.96E-12
4252,2.96E-12
4253.4,2.99E-12
4254.8,3.01E-12
4256.2,3.02E-12
4257.6,3.03E-12
4259,2.98E-12
4260.4,2.93E-12
4261.8,2.91E-12
4263.2,2.99E-12
4264.6,3.05E-12
4266,3.07E-12
4267.4,3.08E-12
4268.8,3.06E-12
4270.2,3.00E-12
4271.6,2.93E-12
4273,2.88E-12
4274.4,2.88E-12
4275.8,2.94E-12
4277.2,3.00E-12
4278.6,3.03E-12
4280,3.04E-12
4281.4,3.03E-12
4282.8,3.01E-12
4284.2,3.00E-12
4285.6,3.01E-12
4287,3.00E-12
4288.4,2.94E-12
4289.8,2.83E-12
4291.2,2.77E-12
4292.6,2.80E-12
4294,2.87E-12
4295.4,2.88E-12
4296.8,2.86E-12
4298.2,2.81E-12
4299.6,2.71E-12
4301,2.64E-12
4302.4,2.64E-12
4303.8,2.68E-12
4305.2,2.71E-12
4306.6,2.72E-12
4308,2.69E-12
4309.4,2.69E-12
4310.8,2.74E-12
4312.2,2.79E-12
4313.6,2.77E-12
4315,2.75E-12
4316.4,2.75E-12
4317.8,2.77E-12
4319.2,2.76E-12
4320.6,2.75E-12
4322,2.72E-12
4323.4,2.68E-12
4324.8,2.60E-12
4326.2,2.50E-12
4327.6,2.47E-12
4329,2.51E-12
4330.4,2.55E-12
4331.8,2.50E-12
4333.2,2.44E-12
4334.6,2.35E-12
4336,2.22E-12
4337.4,2.02E-12
4338.8,1.78E-12
4340.2,1.58E-12
4341.6,1.48E-12
4343,1.58E-12
4344.4,1.77E-12
4345.8,1.96E-12
4347.2,2.13E-12
4348.6,2.26E-12
4350,2.32E-12
4351.4,2.35E-12
4352.8,2.38E-12
4354.2,2.45E-12
4355.6,2.55E-12
4357,2.65E-12
4358.4,2.71E-12
4359.8,2.73E-12
4361.2,2.79E-12
4362.6,2.81E-12
4364,2.83E-12
4365.4,2.85E-12
4366.8,2.85E-12
4368.2,2.81E-12
4369.6,2.78E-12
4371,2.76E-12
4372.4,2.79E-12
4373.8,2.80E-12
4375.2,2.76E-12
4376.6,2.75E-12
4378,2.83E-12
4379.4,2.92E-12
4380.8,2.92E-12
4382.2,2.86E-12
4383.6,2.76E-12
4385,2.67E-12
4386.4,2.68E-12
4387.8,2.74E-12
4389.2,2.79E-12
4390.6,2.82E-12
4392,2.83E-12
4393.4,2.83E-12
4394.8,2.81E-12
4396.2,2.79E-12
4397.6,2.84E-12
4399,2.85E-12
4400.4,2.81E-12
4401.8,2.76E-12
4403.2,2.79E-12
4404.6,2.83E-12
4406,2.84E-12
4407.4,2.85E-12
4408.8,2.84E-12
4410.2,2.86E-12
4411.6,2.88E-12
4413,2.87E-12
4414.4,2.83E-12
4415.8,2.76E-12
4417.2,2.73E-12
4418.6,2.78E-12
4420,2.86E-12
4421.4,2.90E-12
4422.8,2.87E-12
4424.2,2.83E-12
4425.6,2.83E-12
4427,2.85E-12
4428.4,2.88E-12
4429.8,2.88E-12
4431.2,2.86E-12
4432.6,2.82E-12
4434,2.77E-12
4435.4,2.74E-12
4436.8,2.76E-12
4438.2,2.84E-12
4439.6,2.88E-12
4441,2.86E-12
4442.4,2.80E-12
4443.8,2.73E-12
4445.2,2.73E-12
4446.6,2.78E-12
4448,2.84E-12
4449.4,2.85E-12
4450.8,2.84E-12
4452.2,2.83E-12
4453.6,2.80E-12
4455,2.73E-12
4456.4,2.66E-12
4457.8,2.66E-12
4459.2,2.69E-12
4460.6,2.71E-12
4462,2.72E-12
4463.4,2.73E-12
4464.8,2.76E-12
4466.2,2.78E-12
4467.6,2.72E-12
4469,2.69E-12
4470.4,2.70E-12
4471.8,2.73E-12
4473.2,2.79E-12
4474.6,2.83E-12
4476,2.83E-12
4477.4,2.83E-12
4478.8,2.80E-12
4480.2,2.71E-12
4481.6,2.60E-12
4483,2.59E-12
4484.4,2.66E-12
4485.8,2.77E-12
4487.2,2.81E-12
4488.6,2.77E-12
4490,2.74E-12
4491.4,2.72E-12
4492.8,2.76E-12
4494.2,2.77E-12
4495.6,2.79E-12
4497,2.81E-12
4498.4,2.85E-12
4499.8,2.82E-12
4501.2,2.79E-12
4502.6,2.81E-12
4504,2.86E-12
4505.4,2.89E-12
4506.8,2.88E-12
4508.2,2.84E-12
4509.6,2.84E-12
4511,2.86E-12
4512.4,2.87E-12
4513.8,2.84E-12
4515.2,2.80E-12
4516.6,2.78E-12
4518,2.77E-12
4519.4,2.74E-12
4520.8,2.71E-12
4522.2,2.72E-12
4523.6,2.73E-12
4525,2.71E-12
4526.4,2.64E-12
4527.8,2.61E-12
4529.2,2.62E-12
4530.6,2.63E-12
4532,2.62E-12
4533.4,2.59E-12
4534.8,2.58E-12
4536.2,2.64E-12
4537.6,2.74E-12
4539,2.78E-12
4540.4,2.74E-12
4541.8,2.73E-12
4543.2,2.75E-12
4544.6,2.77E-12
4546,2.75E-12
4547.4,2.71E-12
4548.8,2.64E-12
4550.2,2.58E-12
4551.6,2.58E-12
4553,2.61E-12
4554.4,2.57E-12
4555.8,2.55E-12
4557.2,2.59E-12
4558.6,2.67E-12
4560,2.75E-12
4561.4,2.76E-12
4562.8,2.72E-12
4564.2,2.68E-12
4565.6,2.69E-12
4567,2.72E-12
4568.4,2.74E-12
4569.8,2.75E-12
4571.2,2.72E-12
4572.6,2.66E-12
4574,2.68E-12
4575.4,2.71E-12
4576.8,2.73E-12
4578.2,2.74E-12
4579.6,2.73E-12
4581,2.69E-12
4582.4,2.63E-12
4583.8,2.58E-12
4585.2,2.55E-12
4586.6,2.55E-12
4588,2.58E-12
4589.4,2.61E-12
4590.8,2.62E-12
4592.2,2.62E-12
4593.6,2.65E-12
4595,2.69E-12
4596.4,2.70E-12
4597.8,2.69E-12
4599.2,2.66E-12
4600.6,2.65E-12
4602,2.66E-12
4603.4,2.67E-12
4604.8,2.67E-12
4606.2,2.65E-12
4607.6,2.69E-12
4609,2.74E-12
4610.4,2.72E-12
4611.8,2.70E-12
4613.2,2.67E-12
4614.6,2.64E-12
4616,2.62E-12
4617.4,2.61E-12
4618.8,2.61E-12
4620.2,2.62E-12
4621.6,2.64E-12
4623,2.65E-12
4624.4,2.64E-12
4625.8,2.63E-12
4627.2,2.63E-12
4628.6,2.64E-12
4630,2.64E-12
4631.4,2.67E-12
4632.8,2.68E-12
4634.2,2.66E-12
4635.6,2.62E-12
4637,2.61E-12
4638.4,2.63E-12
4639.8,2.63E-12
4641.2,2.62E-12
4642.6,2.62E-12
4644,2.61E-12
4645.4,2.59E-12
4646.8,2.57E-12
4648.2,2.56E-12
4649.6,2.58E-12
4651,2.62E-12
4652.4,2.64E-12
4653.8,2.63E-12
4655.2,2.61E-12
4656.6,2.60E-12
4658,2.62E-12
4659.4,2.67E-12
4660.8,2.71E-12
4662.2,2.70E-12
4663.6,2.68E-12
4665,2.64E-12
4666.4,2.56E-12
4667.8,2.47E-12
4669.2,2.49E-12
4670.6,2.54E-12
4672,2.57E-12
4673.4,2.59E-12
4674.8,2.61E-12
4676.2,2.66E-12
4677.6,2.68E-12
4679,2.65E-12
4680.4,2.58E-12
4681.8,2.57E-12
4683.2,2.61E-12
4684.6,2.62E-12
4686,2.63E-12
4687.4,2.62E-12
4688.8,2.60E-12
4690.2,2.61E-12
4691.6,2.60E-12
4693,2.60E-12
4694.4,2.61E-12
4695.8,2.63E-12
4697.2,2.65E-12
4698.6,2.60E-12
4700,2.54E-12
4701.4,2.49E-12
4702.8,2.47E-12
4704.2,2.48E-12
4705.6,2.51E-12
4707,2.50E-12
4708.4,2.52E-12
4709.8,2.53E-12
4711.2,2.53E-12
4712.6,2.55E-12
4714,2.54E-12
4715.4,2.53E-12
4716.8,2.54E-12
4718.2,2.55E-12
4719.6,2.54E-12
4721,2.52E-12
4722.4,2.56E-12
4723.8,2.63E-12
4725.2,2.63E-12
4726.6,2.58E-12
4728,2.54E-12
4729.4,2.49E-12
4730.8,2.49E-12
4732.2,2.50E-12
4733.6,2.52E-12
4735,2.53E-12
4736.4,2.50E-12
4737.8,2.50E-12
4739.2,2.52E-12
4740.6,2.54E-12
4742,2.53E-12
4743.4,2.51E-12
4744.8,2.53E-12
4746.2,2.54E-12
4747.6,2.52E-12
4749,2.47E-12
4750.4,2.46E-12
4751.8,2.50E-12
4753.2,2.52E-12
4754.6,2.50E-12
4756,2.50E-12
4757.4,2.53E-12
4758.8,2.55E-12
4760.2,2.54E-12
4761.6,2.51E-12
4763,2.46E-12
4764.4,2.40E-12
4765.8,2.39E-12
4767.2,2.41E-12
4768.6,2.44E-12
4770,2.45E-12
4771.4,2.45E-12
4772.8,2.47E-12
4774.2,2.49E-12
4775.6,2.52E-12
4777,2.52E-12
4778.4,2.50E-12
4779.8,2.49E-12
4781.2,2.48E-12
4782.6,2.46E-12
4784,2.44E-12
4785.4,2.44E-12
4786.8,2.45E-12
4788.2,2.44E-12
4789.6,2.45E-12
4791,2.45E-12
4792.4,2.47E-12
4793.8,2.51E-12
4795.2,2.52E-12
4796.6,2.49E-12
4798,2.49E-12
4799.4,2.49E-12
4800.8,2.48E-12
4802.2,2.45E-12
4803.6,2.44E-12
4805,2.44E-12
4806.4,2.45E-12
4807.8,2.45E-12
4809.2,2.44E-12
4810.6,2.42E-12
4812,2.41E-12
4813.4,2.39E-12
4814.8,2.40E-12
4816.2,2.40E-12
4817.6,2.41E-12
4819,2.43E-12
4820.4,2.45E-12
4821.8,2.44E-12
4823.2,2.40E-12
4824.6,2.36E-12
4826,2.36E-12
4827.4,2.38E-12
4828.8,2.38E-12
4830.2,2.39E-12
4831.6,2.38E-12
4833,2.36E-12
4834.4,2.35E-12
4835.8,2.34E-12
4837.2,2.33E-12
4838.6,2.29E-12
4840,2.29E-12
4841.4,2.30E-12
4842.8,2.27E-12
4844.2,2.21E-12
4845.6,2.17E-12
4847,2.16E-12
4848.4,2.13E-12
4849.8,2.10E-12
4851.2,2.07E-12
4852.6,2.01E-12
4854,1.95E-12
4855.4,1.86E-12
4856.8,1.75E-12
4858.2,1.65E-12
4859.6,1.52E-12
4861,1.34E-12
4862.4,1.25E-12
4863.8,1.28E-12
4865.2,1.41E-12
4866.6,1.55E-12
4868,1.66E-12
4869.4,1.76E-12
4870.8,1.84E-12
4872.2,1.88E-12
4873.6,1.89E-12
4875,1.91E-12
4876.4,1.95E-12
4877.8,2.00E-12
4879.2,2.06E-12
4880.6,2.11E-12
4882,2.14E-12
4883.4,2.14E-12
4884.8,2.13E-12
4886.2,2.11E-12
4887.6,2.11E-12
4889,2.09E-12
4890.4,2.10E-12
4891.8,2.16E-12
4893.2,2.22E-12
4894.6,2.28E-12
4896,2.31E-12
4897.4,2.32E-12
4898.8,2.29E-12
4900.2,2.28E-12
4901.6,2.30E-12
4903,2.32E-12
4904.4,2.28E-12
4905.8,2.27E-12
4907.2,2.29E-12
4908.6,2.29E-12
4910,2.27E-12
4911.4,2.22E-12
4912.8,2.20E-12
4914.2,2.24E-12
4915.6,2.29E-12
4917,2.30E-12
4918.4,2.24E-12
4919.8,2.17E-12
4921.2,2.13E-12
4922.6,2.11E-12
4924,2.13E-12
4925.4,2.19E-12
4926.8,2.25E-12
4928.2,2.30E-12
4929.6,2.34E-12
4931,2.37E-12
4932.4,2.35E-12
4933.8,2.28E-12
4935.2,2.26E-12
4936.6,2.28E-12
4938,2.30E-12
4939.4,2.26E-12
4940.8,2.21E-12
4942.2,2.28E-12
4943.6,2.36E-12
4945,2.31E-12
4946.4,2.33E-12
4947.8,2.34E-12
4949.2,2.32E-12
4950.6,2.31E-12
4952,2.29E-12
4953.4,2.28E-12
4954.8,2.29E-12
4956.2,2.27E-12
4957.6,2.22E-12
4959,2.21E-12
4960.4,2.26E-12
4961.8,2.33E-12
4963.2,2.33E-12
4964.6,2.29E-12
4966,2.23E-12
4967.4,2.23E-12
4968.8,2.27E-12
4970.2,2.28E-12
4971.6,2.28E-12
4973,2.23E-12
4974.4,2.24E-12
4975.8,2.27E-12
4977.2,2.28E-12
4978.6,2.25E-12
4980,2.21E-12
4981.4,2.15E-12
4982.8,2.11E-12
4984.2,2.10E-12
4985.6,2.12E-12
4987,2.13E-12
4988.4,2.16E-12
4989.8,2.20E-12
4991.2,2.21E-12
4992.6,2.21E-12
4994,2.21E-12
4995.4,2.21E-12
4996.8,2.23E-12
4998.2,2.23E-12
4999.6,2.21E-12
5001,2.18E-12
5002.4,2.19E-12
5003.8,2.21E-12
5005.2,2.16E-12
5006.6,2.13E-12
5008,2.11E-12
5009.4,2.11E-12
5010.8,2.11E-12
5012.2,2.07E-12
5013.6,2.04E-12
5015,2.05E-12
5016.4,2.07E-12
5017.8,2.05E-12
5019.2,2.01E-12
5020.6,2.01E-12
5022,2.06E-12
5023.4,2.13E-12
5024.8,2.18E-12
5026.2,2.18E-12
5027.6,2.16E-12
5029,2.15E-12
5030.4,2.17E-12
5031.8,2.19E-12
5033.2,2.21E-12
5034.6,2.22E-12
5036,2.21E-12
5037.4,2.19E-12
5038.8,2.15E-12
5040.2,2.12E-12
5041.6,2.09E-12
5043,2.10E-12
5044.4,2.18E-12
5045.8,2.21E-12
5047.2,2.17E-12
5048.6,2.15E-12
5050,2.15E-12
5051.4,2.15E-12
5052.8,2.13E-12
5054.2,2.12E-12
5055.6,2.15E-12
5057,2.16E-12
5058.4,2.18E-12
5059.8,2.21E-12
5061.2,2.23E-12
5062.6,2.23E-12
5064,2.20E-12
5065.4,2.15E-12
5066.8,2.13E-12
5068.2,2.13E-12
5069.6,2.15E-12
5071,2.15E-12
5072.4,2.10E-12
5073.8,2.08E-12
5075.2,2.10E-12
5076.6,2.13E-12
5078,2.15E-12
5079.4,2.10E-12
5080.8,2.05E-12
5082.2,2.05E-12
5083.6,2.05E-12
5085,2.08E-12
5086.4,2.12E-12
5087.8,2.15E-12
5089.2,2.17E-12
5090.6,2.17E-12
5092,2.16E-12
5093.4,2.14E-12
5094.8,2.10E-12
5096.2,2.06E-12
5097.6,2.04E-12
5099,2.06E-12
5100.4,2.09E-12
5101.8,2.12E-12
5103.2,2.16E-12
5104.6,2.18E-12
5106,2.13E-12
5107.4,2.07E-12
5108.8,2.04E-12
5110.2,2.06E-12
5111.6,2.12E-12
5113,2.17E-12
5114.4,2.16E-12
5115.8,2.16E-12
5117.2,2.16E-12
5118.6,2.15E-12
5120,2.13E-12
5121.4,2.12E-12
5122.8,2.09E-12
5124.2,2.04E-12
5125.6,2.00E-12
5127,2.02E-12
5128.4,2.02E-12
5129.8,2.03E-12
5131.2,2.05E-12
5132.6,2.08E-12
5134,2.07E-12
5135.4,2.06E-12
5136.8,2.03E-12
5138.2,2.00E-12
5139.6,2.00E-12
5141,2.03E-12
5142.4,2.01E-12
5143.8,2.02E-12
5145.2,2.04E-12
5146.6,2.07E-12
5148,2.05E-12
5149.4,2.06E-12
5150.8,2.08E-12
5152.2,2.07E-12
5153.6,2.03E-12
5155,2.01E-12
5156.4,2.05E-12
5157.8,2.08E-12
5159.2,2.09E-12
5160.6,2.09E-12
5162,2.05E-12
5163.4,2.00E-12
5164.8,1.95E-12
5166.2,1.88E-12
5167.6,1.83E-12
5169,1.82E-12
5170.4,1.84E-12
5171.8,1.86E-12
5173.2,1.87E-12
5174.6,1.92E-12
5176,2.00E-12
5177.4,2.04E-12
5178.8,2.02E-12
5180.2,1.98E-12
5181.6,1.95E-12
5183,1.90E-12
5184.4,1.85E-12
5185.8,1.85E-12
5187.2,1.90E-12
5188.6,1.93E-12
5190,1.93E-12
5191.4,1.91E-12
5192.8,1.89E-12
5194.2,1.90E-12
5195.6,1.92E-12
5197,1.94E-12
5198.4,1.96E-12
5199.8,1.96E-12
5201.2,1.99E-12
5202.6,2.01E-12
5204,2.00E-12
5205.4,1.94E-12
5206.8,1.93E-12
5208.2,1.92E-12
5209.6,1.93E-12
5211,1.98E-12
5212.4,2.01E-12
5213.8,2.00E-12
5215.2,1.99E-12
5216.6,1.98E-12
5218,2.01E-12
5219.4,2.00E-12
5220.8,1.97E-12
5222.2,1.97E-12
5223.6,1.98E-12
5225,1.93E-12
5226.4,1.87E-12
5227.8,1.84E-12
5229.2,1.87E-12
5230.6,1.95E-12
5232,1.96E-12
5233.4,1.92E-12
5234.8,1.89E-12
5236.2,1.90E-12
5237.6,1.92E-12
5239,1.95E-12
5240.4,1.96E-12
5241.8,1.94E-12
5243.2,1.90E-12
5244.6,1.92E-12
5246,1.95E-12
5247.4,1.96E-12
5248.8,1.94E-12
5250.2,1.92E-12
5251.6,1.90E-12
5253,1.90E-12
5254.4,1.89E-12
5255.8,1.90E-12
5257.2,1.92E-12
5258.6,1.93E-12
5260,1.92E-12
5261.4,1.91E-12
5262.8,1.88E-12
5264.2,1.82E-12
5265.6,1.77E-12
5267,1.77E-12
5268.4,1.80E-12
5269.8,1.80E-12
5271.2,1.78E-12
5272.6,1.80E-12
5274,1.81E-12
5275.4,1.80E-12
5276.8,1.79E-12
5278.2,1.83E-12
5279.6,1.86E-12
5281,1.86E-12
5282.4,1.85E-12
5283.8,1.82E-12
5285.2,1.81E-12
5286.6,1.85E-12
5288,1.92E-12
5289.4,1.96E-12
5290.8,1.96E-12
5292.2,1.94E-12
5293.6,1.91E-12
5295,1.86E-12
5296.4,1.86E-12
5297.8,1.85E-12
5299.2,1.85E-12
5300.6,1.86E-12
5302,1.90E-12
5303.4,1.92E-12
5304.8,1.92E-12
5306.2,1.90E-12
5307.6,1.88E-12
5309,1.90E-12
5310.4,1.90E-12
5311.8,1.90E-12
5313.2,1.93E-12
5314.6,1.89E-12
5316,1.86E-12
5317.4,1.82E-12
5318.8,1.80E-12
5320.2,1.82E-12
5321.6,1.84E-12
5323,1.85E-12
5324.4,1.84E-12
5325.8,1.83E-12
5327.2,1.80E-12
5328.6,1.77E-12
5330,1.76E-12
5331.4,1.80E-12
5332.8,1.82E-12
5334.2,1.84E-12
5335.6,1.85E-12
5337,1.83E-12
5338.4,1.77E-12
5339.8,1.74E-12
5341.2,1.76E-12
5342.6,1.80E-12
5344,1.85E-12
5345.4,1.83E-12
5346.8,1.82E-12
5348.2,1.84E-12
5349.6,1.87E-12
5351,1.88E-12
5352.4,1.89E-12
5353.8,1.89E-12
5355.2,1.89E-12
5356.6,1.90E-12
5358,1.90E-12
5359.4,1.90E-12
5360.8,1.89E-12
5362.2,1.86E-12
5363.6,1.80E-12
5365,1.78E-12
5366.4,1.79E-12
5367.8,1.79E-12
5369.2,1.78E-12
5370.6,1.76E-12
5372,1.76E-12
5373.4,1.79E-12
5374.8,1.83E-12
5376.2,1.85E-12
5377.6,1.87E-12
5379,1.85E-12
5380.4,1.81E-12
5381.8,1.79E-12
5383.2,1.81E-12
5384.6,1.83E-12
5386,1.84E-12
5387.4,1.85E-12
5388.8,1.87E-12
5390.2,1.86E-12
5391.6,1.84E-12
5393,1.82E-12
5394.4,1.80E-12
5395.8,1.78E-12
5397.2,1.77E-12
5398.6,1.77E-12
5400,1.78E-12
5401.4,1.76E-12
5402.8,1.76E-12
5404.2,1.77E-12
5405.6,1.72E-12
5407,1.76E-12
5408.4,1.79E-12
5409.8,1.81E-12
5411.2,1.79E-12
5412.6,1.81E-12
5414,1.82E-12
5415.4,1.82E-12
5416.8,1.81E-12
5418.2,1.84E-12
5419.6,1.85E-12
5421,1.83E-12
5422.4,1.78E-12
5423.8,1.74E-12
5425.2,1.75E-12
5426.6,1.77E-12
5428,1.78E-12
5429.4,1.78E-12
5430.8,1.75E-12
5432.2,1.73E-12
5433.6,1.75E-12
5435,1.76E-12
5436.4,1.77E-12
5437.8,1.80E-12
5439.2,1.82E-12
5440.6,1.81E-12
5442,1.80E-12
5443.4,1.79E-12
5444.8,1.76E-12
5446.2,1.71E-12
5447.6,1.70E-12
5449,1.73E-12
5450.4,1.74E-12
5451.8,1.75E-12
5453.2,1.77E-12
5454.6,1.77E-12
5456,1.74E-12
5457.4,1.73E-12
5458.8,1.75E-12
5460.2,1.76E-12
5461.6,1.72E-12
5463,1.70E-12
5464.4,1.71E-12
5465.8,1.75E-12
5467.2,1.78E-12
5468.6,1.78E-12
5470,1.77E-12
5471.4,1.75E-12
5472.8,1.72E-12
5474.2,1.71E-12
5475.6,1.69E-12
5477,1.66E-12
5478.4,1.66E-12
5479.8,1.70E-12
5481.2,1.74E-12
5482.6,1.76E-12
5484,1.73E-12
5485.4,1.75E-12
5486.8,1.76E-12
5488.2,1.77E-12
5489.6,1.75E-12
5491,1.72E-12
5492.4,1.71E-12
5493.8,1.73E-12
5495.2,1.75E-12
5496.6,1.73E-12
5498,1.73E-12
5499.4,1.73E-12
5500.8,1.76E-12
5502.2,1.74E-12
5503.6,1.73E-12
5505,1.73E-12
5506.4,1.72E-12
5507.8,1.71E-12
5509.2,1.71E-12
5510.6,1.70E-12
5512,1.68E-12
5513.4,1.70E-12
5514.8,1.73E-12
5516.2,1.75E-12
5517.6,1.74E-12
5519,1.74E-12
5520.4,1.74E-12
5521.8,1.74E-12
5523.2,1.74E-12
5524.6,1.71E-12
5526,1.69E-12
5527.4,1.67E-12
5528.8,1.63E-12
5530.2,1.63E-12
5531.6,1.69E-12
5533,1.72E-12
5534.4,1.70E-12
5535.8,1.68E-12
5537.2,1.67E-12
5538.6,1.69E-12
5540,1.73E-12
5541.4,1.76E-12
5542.8,1.76E-12
5544.2,1.76E-12
5545.6,1.76E-12
5547,1.76E-12
5548.4,1.77E-12
5549.8,1.78E-12
5551.2,1.76E-12
5552.6,1.74E-12
5554,1.72E-12
5555.4,1.71E-12
5556.8,1.70E-12
5558.2,1.71E-12
5559.6,1.71E-12
5561,1.71E-12
5562.4,1.68E-12
5563.8,1.66E-12
5565.2,1.65E-12
5566.6,1.64E-12
5568,1.64E-12
5569.4,1.64E-12
5570.8,1.65E-12
5572.2,1.66E-12
5573.6,1.64E-12
5575,1.65E-12
5576.4,1.67E-12
5577.8,1.68E-12
5579.2,1.67E-12
5580.6,1.66E-12
5582,1.65E-12
5583.4,1.65E-12
5584.8,1.63E-12
5586.2,1.60E-12
5587.6,1.58E-12
5589,1.57E-12
5590.4,1.58E-12
5591.8,1.60E-12
5593.2,1.61E-12
5594.6,1.61E-12
5596,1.63E-12
5597.4,1.62E-12
5598.8,1.62E-12
5600.2,1.61E-12
5601.6,1.60E-12
5603,1.57E-12
5604.4,1.58E-12
5605.8,1.62E-12
5607.2,1.64E-12
5608.6,1.67E-12
5610,1.67E-12
5611.4,1.65E-12
5612.8,1.63E-12
5614.2,1.63E-12
5615.6,1.59E-12
5617,1.56E-12
5618.4,1.57E-12
5619.8,1.58E-12
5621.2,1.61E-12
5622.6,1.63E-12
5624,1.64E-12
5625.4,1.64E-12
5626.8,1.64E-12
5628.2,1.62E-12
5629.6,1.61E-12
5631,1.62E-12
5632.4,1.63E-12
5633.8,1.64E-12
5635.2,1.65E-12
5636.6,1.64E-12
5638,1.61E-12
5639.4,1.60E-12
5640.8,1.60E-12
5642.2,1.61E-12
5643.6,1.63E-12
5645,1.66E-12
5646.4,1.67E-12
5647.8,1.66E-12
5649.2,1.63E-12
5650.6,1.62E-12
5652,1.58E-12
5653.4,1.58E-12
5654.8,1.59E-12
5656.2,1.57E-12
5657.6,1.55E-12
5659,1.52E-12
5660.4,1.52E-12
5661.8,1.55E-12
5663.2,1.58E-12
5664.6,1.57E-12
5666,1.57E-12
5667.4,1.56E-12
5668.8,1.57E-12
5670.2,1.56E-12
5671.6,1.57E-12
5673,1.59E-12
5674.4,1.58E-12
5675.8,1.58E-12
5677.2,1.58E-12
5678.6,1.58E-12
5680,1.58E-12
5681.4,1.58E-12
5682.8,1.58E-12
5684.2,1.57E-12
5685.6,1.54E-12
5687,1.53E-12
5688.4,1.51E-12
5689.8,1.50E-12
5691.2,1.52E-12
5692.6,1.58E-12
5694,1.61E-12
5695.4,1.61E-12
5696.8,1.59E-12
5698.2,1.57E-12
5699.6,1.55E-12
5701,1.53E-12
5702.4,1.51E-12
5703.8,1.50E-12
5705.2,1.49E-12
5706.6,1.50E-12
5708,1.50E-12
5709.4,1.50E-12
5710.8,1.51E-12
5712.2,1.51E-12
5713.6,1.53E-12
5715,1.56E-12
5716.4,1.57E-12
5717.8,1.55E-12
5719.2,1.53E-12
5720.6,1.54E-12
5722,1.53E-12
5723.4,1.54E-12
5724.8,1.56E-12
5726.2,1.57E-12
5727.6,1.60E-12
5729,1.63E-12
5730.4,1.64E-12
5731.8,1.61E-12
5733.2,1.56E-12
5734.6,1.54E-12
5736,1.54E-12
5737.4,1.56E-12
5738.8,1.58E-12
5740.2,1.58E-12
5741.6,1.56E-12
5743,1.57E-12
5744.4,1.59E-12
5745.8,1.56E-12
5747.2,1.53E-12
5748.6,1.51E-12
5750,1.51E-12
5751.4,1.50E-12
5752.8,1.49E-12
5754.2,1.50E-12
5755.6,1.53E-12
5757,1.56E-12
5758.4,1.57E-12
5759.8,1.58E-12
5761.2,1.57E-12
5762.6,1.54E-12
5764,1.49E-12
5765.4,1.50E-12
5766.8,1.54E-12
5768.2,1.56E-12
5769.6,1.55E-12
5771,1.53E-12
5772.4,1.53E-12
5773.8,1.54E-12
5775.2,1.56E-12
5776.6,1.58E-12
5778,1.58E-12
5779.4,1.55E-12
5780.8,1.52E-12
5782.2,1.51E-12
5783.6,1.49E-12
5785,1.51E-12
5786.4,1.54E-12
5787.8,1.55E-12
5789.2,1.55E-12
5790.6,1.52E-12
5792,1.51E-12
5793.4,1.50E-12
5794.8,1.50E-12
5796.2,1.48E-12
5797.6,1.48E-12
5799,1.50E-12
5800.4,1.51E-12
5801.8,1.51E-12
5803.2,1.52E-12
5804.6,1.53E-12
5806,1.51E-12
5807.4,1.49E-12
5808.8,1.49E-12
5810.2,1.50E-12
5811.6,1.50E-12
5813,1.52E-12
5814.4,1.52E-12
5815.8,1.51E-12
5817.2,1.52E-12
5818.6,1.55E-12
5820,1.56E-12
5821.4,1.53E-12
5822.8,1.51E-12
5824.2,1.52E-12
5825.6,1.53E-12
5827,1.52E-12
5828.4,1.51E-12
5829.8,1.49E-12
5831.2,1.51E-12
5832.6,1.52E-12
5834,1.51E-12
5835.4,1.50E-12
5836.8,1.50E-12
5838.2,1.51E-12
5839.6,1.52E-12
5841,1.52E-12
5842.4,1.51E-12
5843.8,1.53E-12
5845.2,1.51E-12
5846.6,1.51E-12
5848,1.52E-12
5849.4,1.54E-12
5850.8,1.51E-12
5852.2,1.46E-12
5853.6,1.43E-12
5855,1.41E-12
5856.4,1.41E-12
5857.8,1.43E-12
5859.2,1.46E-12
5860.6,1.48E-12
5862,1.50E-12
5863.4,1.49E-12
5864.8,1.49E-12
5866.2,1.50E-12
5867.6,1.49E-12
5869,1.49E-12
5870.4,1.51E-12
5871.8,1.48E-12
5873.2,1.48E-12
5874.6,1.50E-12
5876,1.51E-12
5877.4,1.49E-12
5878.8,1.48E-12
5880.2,1.46E-12
5881.6,1.45E-12
5883,1.45E-12
5884.4,1.45E-12
5885.8,1.44E-12
5887.2,1.42E-12
5888.6,1.39E-12
5890,1.35E-12
5891.4,1.33E-12
5892.8,1.34E-12
5894.2,1.34E-12
5895.6,1.32E-12
5897,1.32E-12
5898.4,1.37E-12
5899.8,1.41E-12
5901.2,1.42E-12
5902.6,1.42E-12
5904,1.42E-12
5905.4,1.44E-12
5906.8,1.45E-12
5908.2,1.43E-12
5909.6,1.43E-12
5911,1.46E-12
5912.4,1.47E-12
5913.8,1.44E-12
5915.2,1.41E-12
5916.6,1.42E-12
5918,1.43E-12
5919.4,1.44E-12
5920.8,1.46E-12
5922.2,1.45E-12
5923.6,1.43E-12
5925,1.42E-12
5926.4,1.42E-12
5927.8,1.44E-12
5929.2,1.46E-12
5930.6,1.45E-12
5932,1.45E-12
5933.4,1.44E-12
5934.8,1.43E-12
5936.2,1.44E-12
5937.6,1.48E-12
5939,1.44E-12
5940.4,1.42E-12
5941.8,1.42E-12
5943.2,1.42E-12
5944.6,1.40E-12
5946,1.39E-12
5947.4,1.37E-12
5948.8,1.38E-12
5950.2,1.41E-12
5951.6,1.42E-12
5953,1.40E-12
5954.4,1.39E-12
5955.8,1.39E-12
5957.2,1.39E-12
5958.6,1.41E-12
5960,1.43E-12
5961.4,1.45E-12
5962.8,1.49E-12
5964.2,1.51E-12
5965.6,1.48E-12
5967,1.43E-12
5968.4,1.40E-12
5969.8,1.39E-12
5971.2,1.39E-12
5972.6,1.41E-12
5974,1.44E-12
5975.4,1.44E-12
5976.8,1.42E-12
5978.2,1.40E-12
5979.6,1.40E-12
5981,1.40E-12
5982.4,1.40E-12
5983.8,1.38E-12
5985.2,1.37E-12
5986.6,1.38E-12
5988,1.37E-12
5989.4,1.38E-12
5990.8,1.39E-12
5992.2,1.38E-12
5993.6,1.37E-12
5995,1.36E-12
5996.4,1.36E-12
5997.8,1.38E-12
5999.2,1.38E-12
6000.6,1.38E-12
6002,1.38E-12
6003.4,1.36E-12
6004.8,1.35E-12
6006.2,1.34E-12
6007.6,1.32E-12
6009,1.31E-12
6010.4,1.30E-12
6011.8,1.32E-12
6013.2,1.32E-12
6014.6,1.31E-12
6016,1.32E-12
6017.4,1.35E-12
6018.8,1.36E-12
6020.2,1.34E-12
6021.6,1.32E-12
6023,1.32E-12
6024.4,1.34E-12
6025.8,1.37E-12
6027.2,1.35E-12
6028.6,1.34E-12
6030,1.33E-12
6031.4,1.33E-12
6032.8,1.35E-12
6034.2,1.40E-12
6035.6,1.41E-12
6037,1.37E-12
6038.4,1.37E-12
6039.8,1.36E-12
6041.2,1.33E-12
6042.6,1.35E-12
6044,1.36E-12
6045.4,1.33E-12
6046.8,1.33E-12
6048.2,1.33E-12
6049.6,1.33E-12
6051,1.33E-12
6052.4,1.33E-12
6053.8,1.34E-12
6055.2,1.35E-12
6056.6,1.36E-12
6058,1.34E-12
6059.4,1.33E-12
6060.8,1.33E-12
6062.2,1.33E-12
6063.6,1.32E-12
6065,1.32E-12
6066.4,1.31E-12
6067.8,1.30E-12
6069.2,1.32E-12
6070.6,1.34E-12
6072,1.35E-12
6073.4,1.35E-12
6074.8,1.33E-12
6076.2,1.31E-12
6077.6,1.33E-12
6079,1.32E-12
6080.4,1.31E-12
6081.8,1.31E-12
6083.2,1.30E-12
6084.6,1.31E-12
6086,1.31E-12
6087.4,1.31E-12
6088.8,1.30E-12
6090.2,1.32E-12
6091.6,1.34E-12
6093,1.34E-12
6094.4,1.35E-12
6095.8,1.39E-12
6097.2,1.37E-12
6098.6,1.35E-12
6100,1.33E-12
6101.4,1.27E-12
6102.8,1.22E-12
6104.2,1.19E-12
6105.6,1.22E-12
6107,1.27E-12
6108.4,1.30E-12
6109.8,1.33E-12
6111.2,1.33E-12
6112.6,1.31E-12
6114,1.29E-12
6115.4,1.33E-12
6116.8,1.35E-12
6118.2,1.32E-12
6119.6,1.31E-12
6121,1.31E-12
6122.4,1.30E-12
6123.8,1.30E-12
6125.2,1.32E-12
6126.6,1.32E-12
6128,1.30E-12
6129.4,1.29E-12
6130.8,1.30E-12
6132.2,1.30E-12
6133.6,1.29E-12
6135,1.30E-12
6136.4,1.30E-12
6137.8,1.25E-12
6139.2,1.24E-12
6140.6,1.23E-12
6142,1.24E-12
6143.4,1.25E-12
6144.8,1.26E-12
6146.2,1.23E-12
6147.6,1.22E-12
6149,1.24E-12
6150.4,1.25E-12
6151.8,1.27E-12
6153.2,1.29E-12
6154.6,1.30E-12
6156,1.31E-12
6157.4,1.28E-12
6158.8,1.27E-12
6160.2,1.26E-12
6161.6,1.24E-12
6163,1.23E-12
6164.4,1.25E-12
6165.8,1.30E-12
6167.2,1.28E-12
6168.6,1.29E-12
6170,1.29E-12
6171.4,1.29E-12
6172.8,1.29E-12
6174.2,1.29E-12
6175.6,1.29E-12
6177,1.30E-12
6178.4,1.29E-12
6179.8,1.28E-12
6181.2,1.26E-12
6182.6,1.27E-12
6184,1.28E-12
6185.4,1.29E-12
6186.8,1.29E-12
6188.2,1.28E-12
6189.6,1.27E-12
6191,1.28E-12
6192.4,1.28E-12
6193.8,1.25E-12
6195.2,1.26E-12
6196.6,1.28E-12
6198,1.26E-12
6199.4,1.25E-12
6200.8,1.25E-12
6202.2,1.27E-12
6203.6,1.29E-12
6205,1.29E-12
6206.4,1.28E-12
6207.8,1.29E-12
6209.2,1.29E-12
6210.6,1.28E-12
6212,1.26E-12
6213.4,1.23E-12
6214.8,1.22E-12
6216.2,1.22E-12
6217.6,1.22E-12
6219,1.23E-12
6220.4,1.25E-12
6221.8,1.27E-12
6223.2,1.25E-12
6224.6,1.27E-12
6226,1.28E-12
6227.4,1.28E-12
6228.8,1.27E-12
6230.2,1.27E-12
6231.6,1.22E-12
6233,1.22E-12
6234.4,1.25E-12
6235.8,1.27E-12
6237.2,1.28E-12
6238.6,1.25E-12
6240,1.23E-12
6241.4,1.22E-12
6242.8,1.24E-12
6244.2,1.24E-12
6245.6,1.23E-12
6247,1.22E-12
6248.4,1.24E-12
6249.8,1.26E-12
6251.2,1.23E-12
6252.6,1.20E-12
6254,1.21E-12
6255.4,1.23E-12
6256.8,1.25E-12
6258.2,1.25E-12
6259.6,1.25E-12
6261,1.28E-12
6262.4,1.30E-12
6263.8,1.28E-12
6265.2,1.23E-12
6266.6,1.21E-12
6268,1.23E-12
6269.4,1.24E-12
6270.8,1.23E-12
6272.2,1.22E-12
6273.6,1.23E-12
6275,1.22E-12
6276.4,1.21E-12
6277.8,1.21E-12
6279.2,1.22E-12
6280.6,1.22E-12
6282,1.20E-12
6283.4,1.18E-12
6284.8,1.16E-12
6286.2,1.20E-12
6287.6,1.23E-12
6289,1.23E-12
6290.4,1.23E-12
6291.8,1.26E-12
6293.2,1.26E-12
6294.6,1.25E-12
6296,1.23E-12
6297.4,1.23E-12
6298.8,1.22E-12
6300.2,1.20E-12
6301.6,1.17E-12
6303,1.14E-12
6304.4,1.16E-12
6305.8,1.19E-12
6307.2,1.19E-12
6308.6,1.21E-12
6310,1.22E-12
6311.4,1.21E-12
6312.8,1.19E-12
6314.2,1.18E-12
6315.6,1.17E-12
6317,1.18E-12
6318.4,1.21E-12
6319.8,1.24E-12
6321.2,1.22E-12
6322.6,1.20E-12
6324,1.21E-12
6325.4,1.22E-12
6326.8,1.23E-12
6328.2,1.24E-12
6329.6,1.22E-12
6331,1.20E-12
6332.4,1.19E-12
6333.8,1.19E-12
6335.2,1.19E-12
6336.6,1.16E-12
6338,1.15E-12
6339.4,1.16E-12
6340.8,1.18E-12
6342.2,1.21E-12
6343.6,1.24E-12
6345,1.26E-12
6346.4,1.24E-12
6347.8,1.21E-12
6349.2,1.21E-12
6350.6,1.24E-12
6352,1.26E-12
6353.4,1.25E-12
6354.8,1.22E-12
6356.2,1.21E-12
6357.6,1.20E-12
6359,1.19E-12
6360.4,1.18E-12
6361.8,1.19E-12
6363.2,1.20E-12
6364.6,1.20E-12
6366,1.21E-12
6367.4,1.21E-12
6368.8,1.23E-12
6370.2,1.21E-12
6371.6,1.17E-12
6373,1.16E-12
6374.4,1.18E-12
6375.8,1.22E-12
6377.2,1.24E-12
6378.6,1.24E-12
6380,1.24E-12
6381.4,1.22E-12
6382.8,1.20E-12
6384.2,1.19E-12
6385.6,1.18E-12
6387,1.18E-12
6388.4,1.18E-12
6389.8,1.18E-12
6391.2,1.20E-12
6392.6,1.21E-12
6394,1.21E-12
6395.4,1.23E-12
6396.8,1.23E-12
6398.2,1.21E-12
6399.6,1.18E-12
6401,1.21E-12
6402.4,1.24E-12
6403.8,1.23E-12
6405.2,1.20E-12
6406.6,1.19E-12
6408,1.19E-12
6409.4,1.19E-12
6410.8,1.20E-12
6412.2,1.19E-12
6413.6,1.18E-12
6415,1.19E-12
6416.4,1.19E-12
6417.8,1.18E-12
6419.2,1.18E-12
6420.6,1.17E-12
6422,1.18E-12
6423.4,1.21E-12
6424.8,1.21E-12
6426.2,1.22E-12
6427.6,1.24E-12
6429,1.25E-12
6430.4,1.22E-12
6431.8,1.20E-12
6433.2,1.20E-12
6434.6,1.20E-12
6436,1.19E-12
6437.4,1.19E-12
6438.8,1.19E-12
6440.2,1.18E-12
6441.6,1.16E-12
6443,1.18E-12
6444.4,1.18E-12
6445.8,1.17E-12
6447.2,1.14E-12
6448.6,1.17E-12
6450,1.16E-12
6451.4,1.16E-12
6452.8,1.17E-12
6454.2,1.20E-12
6455.6,1.17E-12
6457,1.13E-12
6458.4,1.12E-12
6459.8,1.15E-12
6461.2,1.16E-12
6462.6,1.16E-12
6464,1.17E-12
6465.4,1.18E-12
6466.8,1.20E-12
6468.2,1.22E-12
6469.6,1.21E-12
6471,1.19E-12
6472.4,1.16E-12
6473.8,1.15E-12
6475.2,1.15E-12
6476.6,1.15E-12
6478,1.15E-12
6479.4,1.16E-12
6480.8,1.19E-12
6482.2,1.20E-12
6483.6,1.20E-12
6485,1.20E-12
6486.4,1.20E-12
6487.8,1.20E-12
6489.2,1.19E-12
6490.6,1.17E-12
6492,1.15E-12
6493.4,1.14E-12
6494.8,1.13E-12
6496.2,1.13E-12
6497.6,1.14E-12
6499,1.15E-12
6500.4,1.15E-12
6501.8,1.16E-12
6503.2,1.15E-12
6504.6,1.15E-12
6506,1.18E-12
6507.4,1.18E-12
6508.8,1.17E-12
6510.2,1.16E-12
6511.6,1.18E-12
6513,1.17E-12
6514.4,1.15E-12
6515.8,1.15E-12
6517.2,1.16E-12
6518.6,1.16E-12
6520,1.17E-12
6521.4,1.18E-12
6522.8,1.18E-12
6524.2,1.20E-12
6525.6,1.20E-12
6527,1.19E-12
6528.4,1.18E-12
6529.8,1.17E-12
6531.2,1.17E-12
6532.6,1.18E-12
6534,1.18E-12
6535.4,1.17E-12
6536.8,1.16E-12
6538.2,1.16E-12
6539.6,1.15E-12
6541,1.15E-12
6542.4,1.16E-12
6543.8,1.15E-12
6545.2,1.12E-12
6546.6,1.11E-12
6548,1.11E-12
6549.4,1.11E-12
6550.8,1.09E-12
6552.2,1.06E-12
6553.6,1.03E-12
6555,1.02E-12
6556.4,1.00E-12
6557.8,9.67E-13
6559.2,9.28E-13
6560.6,8.62E-13
6562,7.63E-13
6563.4,6.91E-13
6564.8,6.88E-13
6566.2,7.57E-13
6567.6,8.57E-13
6569,9.34E-13
6570.4,9.89E-13
6571.8,1.02E-12
6573.2,1.04E-12
6574.6,1.06E-12
6576,1.06E-12
6577.4,1.08E-12
6578.8,1.10E-12
6580.2,1.10E-12
6581.6,1.10E-12
6583,1.09E-12
6584.4,1.10E-12
6585.8,1.12E-12
6587.2,1.11E-12
6588.6,1.10E-12
6590,1.10E-12
6591.4,1.12E-12
6592.8,1.10E-12
6594.2,1.08E-12
6595.6,1.09E-12
6597,1.12E-12
6598.4,1.13E-12
6599.8,1.13E-12
6601.2,1.13E-12
6602.6,1.14E-12
6604,1.17E-12
6605.4,1.18E-12
6606.8,1.17E-12
6608.2,1.17E-12
6609.6,1.14E-12
6611,1.10E-12
6612.4,1.10E-12
6613.8,1.11E-12
6615.2,1.13E-12
6616.6,1.14E-12
6618,1.13E-12
6619.4,1.13E-12
6620.8,1.14E-12
6622.2,1.16E-12
6623.6,1.16E-12
6625,1.17E-12
6626.4,1.17E-12
6627.8,1.18E-12
6629.2,1.15E-12
6630.6,1.13E-12
6632,1.11E-12
6633.4,1.13E-12
6634.8,1.13E-12
6636.2,1.12E-12
6637.6,1.13E-12
6639,1.13E-12
6640.4,1.13E-12
6641.8,1.14E-12
6643.2,1.14E-12
6644.6,1.14E-12
6646,1.13E-12
6647.4,1.13E-12
6648.8,1.12E-12
6650.2,1.12E-12
6651.6,1.12E-12
6653,1.12E-12
6654.4,1.11E-12
6655.8,1.12E-12
6657.2,1.13E-12
6658.6,1.12E-12
6660,1.11E-12
6661.4,1.10E-12
6662.8,1.08E-12
6664.2,1.05E-12
6665.6,1.04E-12
6667,1.04E-12
6668.4,1.06E-12
6669.8,1.11E-12
6671.2,1.13E-12
6672.6,1.14E-12
6674,1.15E-12
6675.4,1.15E-12
6676.8,1.13E-12
6678.2,1.12E-12
6679.6,1.11E-12
6681,1.10E-12
6682.4,1.10E-12
6683.8,1.09E-12
6685.2,1.09E-12
6686.6,1.09E-12
6688,1.11E-12
6689.4,1.09E-12
6690.8,1.09E-12
6692.2,1.11E-12
6693.6,1.13E-12
6695,1.13E-12
6696.4,1.12E-12
6697.8,1.11E-12
6699.2,1.10E-12
6700.6,1.11E-12
6702,1.12E-12
6703.4,1.12E-12
6704.8,1.11E-12
6706.2,1.10E-12
6707.6,1.08E-12
6709,1.09E-12
6710.4,1.10E-12
6711.8,1.12E-12
6713.2,1.11E-12
6714.6,1.08E-12
6716,1.08E-12
6717.4,1.09E-12
6718.8,1.08E-12
6720.2,1.08E-12
6721.6,1.09E-12
6723,1.08E-12
6724.4,1.07E-12
6725.8,1.07E-12
6727.2,1.10E-12
6728.6,1.10E-12
6730,1.10E-12
6731.4,1.13E-12
6732.8,1.12E-12
6734.2,1.11E-12
6735.6,1.08E-12
6737,1.04E-12
6738.4,1.04E-12
6739.8,1.06E-12
6741.2,1.10E-12
6742.6,1.10E-12
6744,1.08E-12
6745.4,1.06E-12
6746.8,1.05E-12
6748.2,1.04E-12
6749.6,1.04E-12
6751,1.04E-12
6752.4,1.06E-12
6753.8,1.07E-12
6755.2,1.05E-12
6756.6,1.05E-12
6758,1.05E-12
6759.4,1.04E-12
6760.8,1.04E-12
6762.2,1.06E-12
6763.6,1.07E-12
6765,1.07E-12
6766.4,1.08E-12
6767.8,1.09E-12
6769.2,1.09E-12
6770.6,1.08E-12
6772,1.08E-12
6773.4,1.09E-12
6774.8,1.09E-12
6776.2,1.08E-12
6777.6,1.08E-12
6779,1.08E-12
6780.4,1.08E-12
6781.8,1.07E-12
6783.2,1.06E-12
6784.6,1.05E-12
6786,1.05E-12
6787.4,1.04E-12
6788.8,1.03E-12
6790.2,1.03E-12
6791.6,1.05E-12
6793,1.05E-12
6794.4,1.05E-12
6795.8,1.06E-12
6797.2,1.07E-12
6798.6,1.08E-12
6800,1.09E-12
6801.4,1.10E-12
6802.8,1.11E-12
6804.2,1.10E-12
6805.6,1.09E-12
6807,1.08E-12
6808.4,1.07E-12
6809.8,1.08E-12
6811.2,1.08E-12
6812.6,1.10E-12
6814,1.12E-12
6815.4,1.10E-12
6816.8,1.08E-12
6818.2,1.07E-12
6819.6,1.06E-12
6821,1.06E-12
6822.4,1.05E-12
6823.8,1.04E-12
6825.2,1.04E-12
6826.6,1.04E-12
6828,1.03E-12
6829.4,1.04E-12
6830.8,1.05E-12
6832.2,1.05E-12
6833.6,1.05E-12
6835,1.04E-12
6836.4,1.05E-12
6837.8,1.08E-12
6839.2,1.10E-12
6840.6,1.06E-12
6842,1.03E-12
6843.4,1.03E-12
6844.8,1.04E-12
6846.2,1.05E-12
6847.6,1.06E-12
6849,1.05E-12
6850.4,1.04E-12
6851.8,1.06E-12
6853.2,1.05E-12
6854.6,1.02E-12
6856,1.01E-12
6857.4,1.02E-12
6858.8,1.03E-12
6860.2,1.04E-12
6861.6,1.05E-12
6863,1.06E-12
6864.4,1.07E-12
6865.8,1.02E-12
6867.2,9.28E-13
6868.6,8.34E-13
6870,7.82E-13
6871.4,7.81E-13
6872.8,7.92E-13
6874.2,8.02E-13
6875.6,8.13E-13
6877,8.33E-13
6878.4,8.60E-13
6879.8,8.90E-13
6881.2,9.25E-13
6882.6,9.52E-13
6884,9.69E-13
6885.4,9.57E-13
6886.8,9.43E-13
6888.2,9.38E-13
6889.6,9.42E-13
6891,9.30E-13
6892.4,9.18E-13
6893.8,9.25E-13
6895.2,9.43E-13
6896.6,9.40E-13
6898,9.48E-13
6899.4,9.64E-13
6900.8,9.57E-13
6902.2,9.60E-13
6903.6,9.53E-13
6905,9.56E-13
6906.4,9.57E-13
6907.8,9.34E-13
6909.2,9.36E-13
6910.6,9.54E-13
6912,9.62E-13
6913.4,9.61E-13
6914.8,9.73E-13
6916.2,9.85E-13
6917.6,9.97E-13
6919,1.00E-12
6920.4,1.02E-12
6921.8,1.01E-12
6923.2,9.92E-13
6924.6,9.89E-13
6926,9.96E-13
6927.4,9.91E-13
6928.8,9.71E-13
6930.2,9.61E-13
6931.6,9.70E-13
6933,9.83E-13
6934.4,9.93E-13
6935.8,1.01E-12
6937.2,1.02E-12
6938.6,1.01E-12
6940,9.95E-13
6941.4,9.96E-13
6942.8,1.00E-12
6944.2,9.94E-13
6945.6,9.70E-13
6947,9.54E-13
6948.4,9.67E-13
6949.8,9.88E-13
6951.2,1.01E-12
6952.6,1.01E-12
6954,9.92E-13
6955.4,9.73E-13
6956.8,9.77E-13
6958.2,9.93E-13
6959.6,9.82E-13
6961,9.78E-13
6962.4,9.88E-13
6963.8,1.00E-12
6965.2,1.02E-12
6966.6,1.03E-12
6968,1.04E-12
6969.4,1.06E-12
6970.8,1.08E-12
6972.2,1.09E-12
6973.6,1.07E-12
6975,1.05E-12
6976.4,1.03E-12
6977.8,1.01E-12
6979.2,1.02E-12
6980.6,1.02E-12
6982,1.01E-12
6983.4,1.01E-12
6984.8,1.00E-12
6986.2,9.87E-13
6987.6,9.69E-13
6989,9.63E-13
6990.4,9.62E-13
6991.8,9.85E-13
6993.2,1.01E-12
6994.6,1.03E-12
6996,1.03E-12
6997.4,1.03E-12
6998.8,9.97E-13
7000.2,9.67E-13
7001.6,9.70E-13
7003,9.78E-13
7004.4,9.71E-13
7005.8,9.71E-13
7007.2,9.63E-13
7008.6,9.64E-13
7010,9.93E-13
7011.4,1.00E-12
7012.8,1.00E-12
7014.2,1.00E-12
7015.6,1.00E-12
7017,1.03E-12
7018.4,1.03E-12
7019.8,9.99E-13
7021.2,9.70E-13
7022.6,9.69E-13
7024,9.92E-13
7025.4,1.03E-12
7026.8,1.06E-12
7028.2,1.04E-12
7029.6,1.04E-12
7031,1.04E-12
7032.4,1.04E-12
7033.8,1.02E-12
7035.2,1.00E-12
7036.6,1.00E-12
7038,1.01E-12
7039.4,1.02E-12
7040.8,1.01E-12
7042.2,1.02E-12
7043.6,1.02E-12
7045,9.96E-13
7046.4,9.73E-13
7047.8,9.82E-13
7049.2,1.00E-12
7050.6,1.01E-12
7052,1.03E-12
7053.4,1.04E-12
7054.8,1.03E-12
7056.2,1.02E-12
7057.6,1.01E-12
7059,9.90E-13
7060.4,9.84E-13
7061.8,9.87E-13
7063.2,1.00E-12
7064.6,1.02E-12
7066,1.04E-12
7067.4,1.06E-12
7068.8,1.07E-12
7070.2,1.06E-12
7071.6,1.03E-12
7073,9.96E-13
7074.4,9.93E-13
7075.8,1.01E-12
7077.2,1.02E-12
7078.6,1.01E-12
7080,9.92E-13
7081.4,9.85E-13
7082.8,1.00E-12
7084.2,1.02E-12
7085.6,1.02E-12
7087,1.04E-12
7088.4,1.01E-12
7089.8,9.67E-13
7091.2,9.57E-13
7092.6,9.66E-13
7094,9.82E-13
7095.4,9.80E-13
7096.8,9.76E-13
7098.2,9.80E-13
7099.6,9.76E-13
7101,9.64E-13
7102.4,9.69E-13
7103.8,9.82E-13
7105.2,9.91E-13
7106.6,1.00E-12
7108,1.01E-12
7109.4,1.01E-12
7110.8,1.00E-12
7112.2,9.93E-13
7113.6,9.84E-13
7115,9.97E-13
7116.4,1.00E-12
7117.8,9.99E-13
7119.2,9.99E-13
7120.6,1.04E-12
7122,1.06E-12
7123.4,1.06E-12
7124.8,1.06E-12
7126.2,1.04E-12
7127.6,1.01E-12
7129,1.01E-12
7130.4,1.01E-12
7131.8,9.94E-13
7133.2,9.92E-13
7134.6,1.01E-12
7136,9.98E-13
7137.4,1.01E-12
7138.8,1.04E-12
7140.2,1.04E-12
7141.6,1.02E-12
7143,9.83E-13
7144.4,9.62E-13
7145.8,9.76E-13
7147.2,1.01E-12
7148.6,1.02E-12
7150,1.02E-12
7151.4,1.02E-12
7152.8,1.03E-12
7154.2,1.04E-12
7155.6,1.05E-12
7157,1.03E-12
7158.4,9.78E-13
7159.8,9.46E-13
7161.2,9.68E-13
7162.6,9.60E-13
7164,9.52E-13
7165.4,9.49E-13
7166.8,9.34E-13
7168.2,9.40E-13
7169.6,9.80E-13
7171,9.77E-13
7172.4,9.37E-13
7173.8,9.12E-13
7175.2,9.24E-13
7176.6,9.21E-13
7178,9.31E-13
7179.4,9.50E-13
7180.8,9.59E-13
7182.2,9.41E-13
7183.6,8.82E-13
7185,8.46E-13
7186.4,8.21E-13
7187.8,8.53E-13
7189.2,9.30E-13
7190.6,9.35E-13
7192,9.13E-13
7193.4,9.32E-13
7194.8,9.39E-13
7196.2,9.24E-13
7197.6,8.96E-13
7199,9.25E-13
7200.4,9.14E-13
7201.8,9.15E-13
7203.2,9.09E-13
7204.6,8.98E-13
7206,8.90E-13
7207.4,9.35E-13
7208.8,9.63E-13
7210.2,9.86E-13
7211.6,1.02E-12
7213,1.05E-12
7214.4,1.04E-12
7215.8,1.02E-12
7217.2,1.02E-12
7218.6,1.03E-12
7220,1.02E-12
7221.4,9.83E-13
7222.8,9.53E-13
7224.2,9.72E-13
7225.6,9.85E-13
7227,9.56E-13
7228.4,9.41E-13
7229.8,9.47E-13
7231.2,9.62E-13
7232.6,9.34E-13
7234,8.80E-13
7235.4,8.88E-13
7236.8,9.39E-13
7238.2,9.84E-13
7239.6,1.01E-12
7241,1.01E-12
7242.4,1.01E-12
7243.8,9.99E-13
7245.2,9.67E-13
7246.6,9.65E-13
7248,9.59E-13
7249.4,9.38E-13
7250.8,9.34E-13
7252.2,9.21E-13
7253.6,9.10E-13
7255,8.98E-13
7256.4,8.84E-13
7257.8,8.91E-13
7259.2,9.12E-13
7260.6,9.50E-13
7262,9.52E-13
7263.4,9.46E-13
7264.8,9.54E-13
7266.2,9.40E-13
7267.6,1.00E-12
7269,1.03E-12
7270.4,1.02E-12
7271.8,9.97E-13
7273.2,9.62E-13
7274.6,9.37E-13
7276,9.25E-13
7277.4,8.96E-13
7278.8,9.11E-13
7280.2,9.57E-13
7281.6,9.68E-13
7283,9.19E-13
7284.4,9.10E-13
7285.8,9.04E-13
7287.2,9.08E-13
7288.6,9.19E-13
7290,9.19E-13
7291.4,9.25E-13
7292.8,9.23E-13
7294.2,9.13E-13
7295.6,9.23E-13
7297,9.41E-13
7298.4,9.77E-13
7299.8,9.89E-13
7301.2,9.65E-13
7302.6,9.30E-13
7304,8.92E-13
7305.4,8.88E-13
7306.8,9.16E-13
7308.2,9.26E-13
7309.6,9.10E-13
7311,9.05E-13
7312.4,9.01E-13
7313.8,8.96E-13
7315.2,9.26E-13
7316.6,9.60E-13
7318,9.29E-13
7319.4,9.08E-13
7320.8,9.03E-13
7322.2,9.15E-13
7323.6,9.38E-13
7325,9.47E-13
7326.4,9.32E-13
7327.8,9.38E-13
7329.2,9.69E-13
7330.6,9.90E-13
7332,9.73E-13
7333.4,9.38E-13
7334.8,9.36E-13
7336.2,9.37E-13
7337.6,9.41E-13
7339,9.33E-13
7340.4,9.41E-13
7341.8,9.09E-13
7343.2,8.88E-13
7344.6,8.97E-13
7346,9.11E-13
7347.4,9.06E-13
7348.8,8.94E-13
7350.2,8.90E-13
7351.6,9.16E-13
7353,9.41E-13
7354.4,9.60E-13
7355.8,9.41E-13
7357.2,9.29E-13
7358.6,9.25E-13
7360,9.17E-13
7361.4,9.25E-13
7362.8,9.41E-13
7364.2,9.27E-13
7365.6,9.10E-13
7367,9.08E-13
7368.4,9.31E-13
7369.8,9.48E-13
7371.2,9.37E-13
7372.6,9.20E-13
7374,9.12E-13
7375.4,9.16E-13
7376.8,9.29E-13
7378.2,9.42E-13
7379.6,9.33E-13
7381,9.14E-13
7382.4,9.12E-13
7383.8,9.19E-13
7385.2,9.29E-13
7386.6,9.45E-13
7388,9.40E-13
7389.4,9.39E-13
7390.8,9.40E-13
7392.2,9.20E-13
7393.6,9.00E-13
7395,8.90E-13
7396.4,9.00E-13
7397.8,9.00E-13
7399.2,9.00E-13
7400.6,8.94E-13
7402,8.92E-13
7403.4,8.88E-13
7404.8,8.69E-13
7406.2,8.53E-13
7407.6,8.39E-13
7409,8.27E-13
7410.4,8.34E-13
7411.8,8.52E-13
7413.2,8.49E-13
7414.6,8.67E-13
7416,9.06E-13
7417.4,9.26E-13
7418.8,9.28E-13
7420.2,9.14E-13
7421.6,9.17E-13
7423,9.28E-13
7424.4,9.39E-13
7425.8,9.21E-13
7427.2,9.16E-13
7428.6,9.12E-13
